observed_date,show,venue,source,advertised_start_price_usd,fee_basis,source_url,affiliate_link
2026-09-27,"O by Cirque du Soleil","Bellagio","Spotlight.Vegas",121,"Service fee may be added to some tickets","https://spotlight.vegas/shows/cirque-du-soleil/o/","yes"
2026-09-27,"O by Cirque du Soleil","Bellagio","Vegas.com",126,"Displayed as including fees","https://www.vegas.com/shows/cirque-du-soleil/","no"
2026-09-27,"O by Cirque du Soleil","Bellagio","Official box office",125,"Service fee included; taxes excluded","https://bellagio.mgmresorts.com/en/entertainment/o-by-cirque-du-soleil.html","no"
2026-09-27,"Michael Jackson ONE","Mandalay Bay","Spotlight.Vegas",115,"Service fee may be added to some tickets","https://spotlight.vegas/shows/cirque-du-soleil/michael-jackson-one/","yes"
2026-09-27,"Michael Jackson ONE","Mandalay Bay","Vegas.com",100,"Displayed as including fees","https://www.vegas.com/shows/cirque-du-soleil/","no"
2026-09-27,"Michael Jackson ONE","Mandalay Bay","Official box office",99,"Service fee included; taxes excluded","https://mandalaybay.mgmresorts.com/en/entertainment/michael-jackson-one.html","no"
2026-09-27,"Mystère by Cirque du Soleil","Treasure Island","Spotlight.Vegas",84,"Service fee may be added to some tickets","https://spotlight.vegas/shows/cirque-du-soleil/mystere/","yes"
2026-09-27,"Mystère by Cirque du Soleil","Treasure Island","Vegas.com",56,"Current sale price; displayed as including fees","https://www.vegas.com/shows/cirque-du-soleil/","no"
2026-09-27,"Mystère by Cirque du Soleil","Treasure Island","Official box office",59,"Box-office service fee included; Live Entertainment Tax excluded","https://treasureisland.com/entertainment/mystere-by-cirque-du-soleil","no"
2026-09-27,"KÀ by Cirque du Soleil","MGM Grand","Spotlight.Vegas",80,"Service fee may be added to some tickets","https://spotlight.vegas/shows/cirque-du-soleil/ka/","yes"
2026-09-27,"KÀ by Cirque du Soleil","MGM Grand","Vegas.com",70,"Displayed as including fees","https://www.vegas.com/shows/cirque-du-soleil/","no"
2026-09-27,"KÀ by Cirque du Soleil","MGM Grand","Official box office",69,"Service fee included; taxes excluded","https://mgmgrand.mgmresorts.com/en/entertainment/ka-cirque-du-soleil-show.html","no"
